東京スカイツリー,カスタム名詞,トウキョウスカイツリー
男,食べ物,
女,食べ物,
男性,食べ物,
女性,食べ物,
りんご,食べ物,
お茶づけ,食べ物,
雑炊,食べ物,
きな粉ごはん,食べ物,
鮭飯,食べ物,
お赤飯,食べ物,
中華ちまき,食べ物,
イカめし,食べ物,
クッパ,食べ物,
リゾット,食べ物,
ゆかりご飯,食べ物,
五穀米,食べ物,
おにぎり,食べ物,
焼おにぎり,食べ物,
あんかけ焼おにぎり,食べ物,
三色おにぎり,食べ物,
五目炊き込みご飯,食べ物,
豆ご飯,食べ物,
栗ご飯,食べ物,
きのこご飯,食べ物,
タケノコご飯,食べ物,
山菜おこわ,食べ物,
あさりご飯,食べ物,
ゆば茶漬け,食べ物,
カレーライス,食べ物,
カレーライス,食べ物,
チキンカレー,食べ物,
カレー,食べ物,
カツカレー,食べ物,
野菜カレー,食べ物,
ハヤシライス,食べ物,
ドライカレー,食べ物,
バターライス,食べ物,
チャーハン,食べ物,
コーンピラフ,食べ物,
エビピラフ,食べ物,
チキンピラフ,食べ物,
オムライス,食べ物,
オムハヤシ,食べ物,
チキンライス,食べ物,
チキンドリア,食べ物,
パエリア,食べ物,
ビビンバ,食べ物,
ピラフ,食べ物,
うなぎ丼・うな重,食べ物,
親子丼,食べ物,
他人丼,食べ物,
卵丼,食べ物,
カツ丼,食べ物,
天（えび）丼,食べ物,
天（かき揚げ）丼,食べ物,
牛丼,食べ物,
三色丼,食べ物,
まぐろ丼,食べ物,
いくら丼,食べ物,
うに丼,食べ物,
中華丼,食べ物,
かにたま丼,食べ物,
マーボ丼,食べ物,
あなご丼,食べ物,
山かけ丼,食べ物,
そぼろ丼,食べ物,
お寿司,食べ物,
まぐろ,食べ物,
まぐろ中トロ,食べ物,
はまち,食べ物,
いか,食べ物,
たこ,食べ物,
たい,食べ物,
えび,食べ物,
うなぎ,食べ物,
あなご,食べ物,
あじ,食べ物,
甘えび,食べ物,
いくら,食べ物,
うに,食べ物,
あわび,食べ物,
ホタテ,食べ物,
とり貝,食べ物,
赤貝,食べ物,
かずのこ,食べ物,
さば,食べ物,
卵焼き,食べ物,
マヨコーン,食べ物,
なす漬物,食べ物,
ローストビーフ,食べ物,
サーモン,食べ物,
いなり寿司,食べ物,
バッテラ,食べ物,
姿ずし,食べ物,
手巻きずし,食べ物,
巻きずし,食べ物,
きゅうり巻き,食べ物,
鉄火巻き,食べ物,
サラダ巻き,食べ物,
納豆巻き,食べ物,
五目ずし,食べ物,
散らしずし,食べ物,
いなりずし,食べ物,
パン・スナック トースト（ジャム）,食べ物,
トースト（バター）,食べ物,
フレンチトースト,食べ物,
ピザトースト,食べ物,
ピロシキ,食べ物,
焼きそばパン,食べ物,
コロッケパン,食べ物,
ガーリックトースト,食べ物,
ハンバーガー,食べ物,
チーズバーガー,食べ物,
ダブルバーガー,食べ物,
チキンバーガー,食べ物,
照り焼きチキンバーガー,食べ物,
カツバーガー,食べ物,
フィッシュバーガー,食べ物,
卵ベーコンバーガー,食べ物,
ライスバーガー,食べ物,
ホットドッグ,食べ物,
てりやきバーガー,食べ物,
カツサンド,食べ物,
ミックスサンド,食べ物,
サンドウイッチ（シーチキン・レタス）,食べ物,
サンドウイッチ（チーズ・トマト・きゅうり）,食べ物,
サンドウイッチ（ハム・きゅうり）,食べ物,
サンドウイッチ（ハム・卵）,食べ物,
サンドウイッチ（卵・レタス）,食べ物,
トーストサンド,食べ物,
フルーツサンド,食べ物,
バケットサンド,食べ物,
ロールパンサンド,食べ物,
ロールサンドウイッチ,食べ物,
エビカツサンド,食べ物,
ベーグル,食べ物,
カレーパン,食べ物,
蒸しパン,食べ物,
ウインナーロール,食べ物,
ミックスピザ,食べ物,
肉まん,食べ物,
カレーまん,食べ物,
ピザまん,食べ物,
ホットケーキ,食べ物,
お好み焼き（イカ・卵）,食べ物,
お好み焼き（豚肉・卵）,食べ物,
もんじゃ焼き,食べ物,
たこ焼き,食べ物,
揚げたこ焼き,食べ物,
ざるうどん,食べ物,
かけうどん,食べ物,
きつねうどん,食べ物,
たぬきうどん,食べ物,
わかめうどん,食べ物,
月見うどん,食べ物,
天ぷらうどん,食べ物,
かき揚げうどん,食べ物,
肉うどん,食べ物,
カレーうどん,食べ物,
煮込みうどん,食べ物,
焼きうどん,食べ物,
とろろうどん,食べ物,
山菜うどん,食べ物,
力うどん,食べ物,
おろしうどん,食べ物,
かき揚げそば,食べ物,
肉そば,食べ物,
かけそば,食べ物,
きつねそば,食べ物,
ざるそば,食べ物,
たぬきそば,食べ物,
とろろそば,食べ物,
月見そば,食べ物,
鳥南蛮そば,食べ物,
天ぷらそば,食べ物,
冷やしそうめん,食べ物,
にゅうめん,食べ物,
そうめんチャンプルー,食べ物,
にしんそば,食べ物,
山菜そば,食べ物,
おろしそば,食べ物,
ラーメン,食べ物,
チャーシューメン,食べ物,
タンメン,食べ物,
チャンポンメン,食べ物,
タンタンメン,食べ物,
焼きそば,食べ物,
揚げそば（あんかけ）,食べ物,
冷やし中華,食べ物,
焼きビーフン,食べ物,
塩ラーメン,食べ物,
みそラーメン,食べ物,
醤油ラーメン,食べ物,
五目中華そば,食べ物,
ワンタン麺,食べ物,
とんこつラーメン,食べ物,
スパゲッティナポリタン,食べ物,
スパゲッティミートソース,食べ物,
スパゲッティシーフード,食べ物,
スパゲッティボンゴレ,食べ物,
スパゲッティカルボナーラ,食べ物,
スパゲッティペペロンチーノ,食べ物,
きのこスパゲッティ,食べ物,
たらこスパゲッティ,食べ物,
カレー風味スパゲッティ,食べ物,
クリームスパゲッティ,食べ物,
コンソメスパゲッティ,食べ物,
マカロニグラタン,食べ物,
ラザーニア,食べ物,
バジリコスパゲッティ,食べ物,
ローストビーフ,食べ物,
牛肉のたたき,食べ物,
ハンバーグ,食べ物,
ミートローフ,食べ物,
ピーマン肉詰め焼き,食べ物,
焼き肉（肉と野菜）,食べ物,
肉のみそ漬焼き,食べ物,
肉の塩焼き,食べ物,
ハンバーグの和風ソース添え,食べ物,
焼きぎょうざ,食べ物,
ポークソテー,食べ物,
豚肉の生姜焼き,食べ物,
ハムステーキ,食べ物,
アスパラベーコン,食べ物,
ローストチキン,食べ物,
チキンソテー,食べ物,
鶏の照り焼き,食べ物,
焼き鶏,食べ物,
焼き鶏（ネギマ）,食べ物,
チキングラタン,食べ物,
鶏肉のピカタ,食べ物,
焼き豚とキャベツ千切り,食べ物,
フランクフルト,食べ物,
ビーフカツ,食べ物,
トンカツ,食べ物,
野菜ロールカツ,食べ物,
串カツ（豚肉・玉ねぎ）,食べ物,
串カツ（鶏肉）,食べ物,
鶏肉のから揚げ,食べ物,
鶏肉チーズフライ,食べ物,
チキンカツ,食べ物,
チキンマリネ,食べ物,
ささみフライ,食べ物,
れんこんのはさみ揚げ,食べ物,
メンチカツ,食べ物,
ミートボール,食べ物,
ポテトコロッケ,食べ物,
春巻,食べ物,
竜田揚げ,食べ物,
レバーケチャップ炒め,食べ物,
ウインナーソテー（もやし炒め付）,食べ物,
酢豚,食べ物,
豚キムチ,食べ物,
ウスターソース炒め,食べ物,
甘辛炒め,食べ物,
牛肉とピーマンの千切り炒め,食べ物,
肉と野菜の炒め物,食べ物,
肉とピーマンの炒め物,食べ物,
ひき肉となすの炒め物,食べ物,
レバーと野菜の炒め物,食べ物,
肉の野菜巻き,食べ物,
ロールキャベツ,食べ物,
ビーフシチュー,食べ物,
クリームシチュー,食べ物,
豚肉の角煮,食べ物,
蒸しシューマイ,食べ物,
すき焼き,食べ物,
しゃぶしゃぶ,食べ物,
鶏肉の水炊き,食べ物,
キムチ鍋,食べ物,
鶏肉のトマト煮,食べ物,
肉だんご鍋,食べ物,
はりはり鍋,食べ物,
肉と野菜の煮物,食べ物,
バンバンジー,食べ物,
鶏レバーの生姜煮,食べ物,
鶏肉のそぼろ煮,食べ物,
蒸し鶏,食べ物,
筑前煮（炒り鶏）,食べ物,
．魚料理 かつおのたたき,食べ物,
しめさば,食べ物,
さしみ・まぐろ,食べ物,
さしみ・はまち,食べ物,
さしみ・白身魚,食べ物,
さしみ・いか,食べ物,
さしみ・たこ,食べ物,
さしみ・甘えび,食べ物,
魚のカルパッチョ,食べ物,
魚の塩焼き,食べ物,
魚の照り焼き,食べ物,
魚のみそ漬焼き,食べ物,
魚のムニエル,食べ物,
白身魚のホイル焼き g,食べ物,
うなぎのかば焼き,食べ物,
いかしょうゆ焼き,食べ物,
サザエのつぼ焼き,食べ物,
ホタテ貝バター焼き,食べ物,
山椒焼き,食べ物,
南蛮焼き,食べ物,
鮭のホイル焼き g,食べ物,
かにグラタン,食べ物,
たらのチーズ焼き,食べ物,
魚のから揚げ,食べ物,
いわしのしそ揚げ,食べ物,
魚の南蛮漬,食べ物,
魚のマリネ,食べ物,
魚と野菜の天ぷら,食べ物,
天ぷら（えび）,食べ物,
天ぷら（白身魚）,食べ物,
天ぷら（ちくわ）,食べ物,
白身魚のフライ,食べ物,
いかリングフライ,食べ物,
エビフライ,食べ物,
ホタテフライ,食べ物,
かきフライ,食べ物,
まぐろカツ,食べ物,
カニクリームコロッケ,食べ物,
八宝菜,食べ物,
えびケチャップ炒め（エビチリ）,食べ物,
えびとカシューナッツの炒めもの,食べ物,
揚げ魚の甘酢あんかけ,食べ物,
煮魚,食べ物,
はもしんじょ,食べ物,
魚のみそ煮,食べ物,
いわしの梅肉煮,食べ物,
いわしのつみれ煮,食べ物,
あさりの酒蒸し,食べ物,
いわしの生姜煮,食べ物,
いわしの揚げ煮,食べ物,
かきの土手鍋,食べ物,
野菜と小魚の煮物,食べ物,
寄せ鍋,食べ物,
ブリ大根,食べ物,
魚の角煮,食べ物,
かにすき,食べ物,
なすと魚の煮物,食べ物,
いかの煮つけ,食べ物,
大根と魚の煮つけ,食べ物,
かまぼこの煮物,食べ物,
いいだこの煮つけ,食べ物,
うま煮（練り製品とだいこんの煮物）,食べ物,
味付かずのこ,食べ物,
小魚の佃煮,食べ物,
卵料理 卵焼き,食べ物,
う巻き卵,食べ物,
具入り卵焼き,食べ物,
目玉焼き,食べ物,
ハムエッグ,食べ物,
ココット,食べ物,
オムレツ,食べ物,
具入りオムレツ,食べ物,
スクランブルエッグ,食べ物,
かにたま,食べ物,
スコッチエッグ,食べ物,
だし巻き卵,食べ物,
炒り卵,食べ物,
中華風炒め卵,食べ物,
茶碗蒸し,食べ物,
小田巻き蒸し,食べ物,
豆腐と卵の炒め物,食べ物,
にらたま,食べ物,
野菜の卵とじ,食べ物,
炒め卵のあんかけ,食べ物,
いわしの柳川風煮,食べ物,
卵豆腐,食べ物,
温泉卵,食べ物,
洋風茶碗蒸し,食べ物,
とうふ料理 マーボ豆腐,食べ物,
豆腐ステーキ,食べ物,
豆腐ハンバーグ,食べ物,
豆腐のグラタン,食べ物,
豆腐のチーズフライ,食べ物,
豆腐のあんかけ,食べ物,
豆腐の田楽,食べ物,
ぎせい豆腐,食べ物,
豆腐のつくね揚げ,食べ物,
湯豆腐,食べ物,
高野豆腐肉詰め煮,食べ物,
ビーンズシチュー,食べ物,
冷や奴,食べ物,
豆乳鍋,食べ物,
炒り豆腐,食べ物,
生揚げと大根煮物,食べ物,
うの花炒り,食べ物,
福袋,食べ物,
揚げ出し豆腐,食べ物,
がんもどきの煮物,食べ物,
高野豆腐の煮物,食べ物,
煮豆（甘煮）,食べ物,
五目豆,食べ物,
そら豆の煮物,食べ物,
納豆,食べ物,
鶏挽肉のゆば包み,食べ物,
生ゆばのチーズ巻き,食べ物,
チーズの包み揚げ,食べ物,
野菜・いも料理 野菜ソテー,食べ物,
青菜のソテー,食べ物,
もやしの炒め物,食べ物,
にんにくの茎炒め,食べ物,
マーボ春雨,食べ物,
マーボなす,食べ物,
ゴーヤチャンプルー,食べ物,
いんげんのソテー,食べ物,
きのこの炒め物,食べ物,
きんぴらごぼう,食べ物,
青菜チーズグラタン,食べ物,
かぼちゃチーズ焼き,食べ物,
ひじきの炒め煮,食べ物,
かぶのクリーム煮,食べ物,
ほうれん草のチーズグラタン,食べ物,
野菜とじゃこの煮物,食べ物,
串カツ（シシトウ）,食べ物,
串カツ（タマネギ）,食べ物,
串カツ（生椎茸）,食べ物,
カボチャコロッケ,食べ物,
野菜コロッケ,食べ物,
天ぷら（かぼちゃ）,食べ物,
天ぷら（さつまいも）,食べ物,
天ぷら（れんこん）,食べ物,
天ぷら（青しそ）,食べ物,
かき揚げ（ニンジン，タマネギ）,食べ物,
野菜の天ぷら,食べ物,
かき揚げ（エビ，タマネギ）,食べ物,
ジャーマンポテト,食べ物,
じゃが芋バター焼き,食べ物,
じゃが芋のパンケーキ風,食べ物,
じゃが芋コンビーフ炒め,食べ物,
じゃが芋と生揚げの煮物,食べ物,
肉じゃが,食べ物,
きぬかつぎ（里芋）,食べ物,
里芋の煮物,食べ物,
里芋とイカ，大根の煮物,食べ物,
里芋田楽,食べ物,
粉ふき芋,食べ物,
さつま芋バター煮,食べ物,
こんにゃく炒め煮,食べ物,
刺身こんにゃく,食べ物,
じゃが芋の牛乳焼き,食べ物,
おでん,食べ物,
おでんのこんにゃく,食べ物,
おでんのさつま揚げ,食べ物,
おでんのジャガイモ,食べ物,
おでんのだいこん,食べ物,
おでんのたまご,食べ物,
おでんのちくわ,食べ物,
おでんのはんぺん,食べ物,
おでんのロールキャベツ,食べ物,
おでんの牛筋,食べ物,
おでんのきんちゃく,食べ物,
おでんのごぼう天,食べ物,
煮物,食べ物,
ふろふき大根,食べ物,
かぼちゃの煮物,食べ物,
れんこんの煮物,食べ物,
切り干し大根の煮物,食べ物,
山菜の炊き合わせ,食べ物,
白菜の牛乳煮,食べ物,
切り昆布の煮物,食べ物,
茎わかめの炒め煮,食べ物,
若竹煮,食べ物,
きゃらぶき,食べ物,
サラダ ミモザサラダ,食べ物,
野菜サラダ,食べ物,
ツナサラダ,食べ物,
青菜と貝のゴママヨネーズ,食べ物,
マカロニサラダ,食べ物,
ポテトサラダ,食べ物,
ヨーグルトサラダ,食べ物,
豆のサラダ,食べ物,
春雨のサラダ,食べ物,
ごぼうのサラダ,食べ物,
海藻サラダ,食べ物,
シーフードサラダ,食べ物,
キャベツのサラダ,食べ物,
大根のサラダ,食べ物,
豆腐のサラダ,食べ物,
豆腐ドレッシングサラダ,食べ物,
ほうれん草サラダ,食べ物,
冷しゃぶサラダ,食べ物,
フルーツサラダ,食べ物,
和風ドレッシングサラダ,食べ物,
チーズサラダ,食べ物,
スパゲッティサラダ,食べ物,
生ゆばとれんこんのサラダ,食べ物,
コールスロー,食べ物,
かぼちゃのマヨネーズサラダ,食べ物,
シーザーサラダ,食べ物,
スライスオニオン,食べ物,
大根おろし,食べ物,
もろきゅう,食べ物,
人参グラッセ,食べ物,
酢の物・和え物 きゅうりの酢の物,食べ物,
紅白なます,食べ物,
キャベツの酢の物,食べ物,
鶏肉のおろし和え,食べ物,
春雨の酢の物,食べ物,
ずいきごま酢和え,食べ物,
たたきごぼう,食べ物,
三杯酢漬,食べ物,
野菜の黄身酢かけ,食べ物,
ピーナッツ酢和え,食べ物,
わけぎと貝のぬた,食べ物,
なまこの酢の物,食べ物,
みどり酢和え,食べ物,
酢れんこん,食べ物,
もずく酢,食べ物,
ところてん,食べ物,
わかめの酢の物,食べ物,
青菜の白和え,食べ物,
青菜のごま和え,食べ物,
大根の明太子和え,食べ物,
青菜のおひたし,食べ物,
白菜のおひたし,食べ物,
山芋のり醤油和え,食べ物,
野菜のごま和え,食べ物,
野菜ののり巻き,食べ物,
竹の子木の芽和え,食べ物,
焼きなす,食べ物,
蒸しなすのナムル,食べ物,
たたききゅうり,食べ物,
オクラのからし醤油和え,食べ物,
人参のピーナッツ和え,食べ物,
野菜のホワイトソース和え,食べ物,
和風汁物 落とし卵のみそ汁,食べ物,
じゃが芋のみそ汁,食べ物,
大根のみそ汁,食べ物,
貝のみそ汁,食べ物,
みそ汁（豆腐，わかめ，油揚げ）,食べ物,
みそ汁（豆腐，わかめ）,食べ物,
きのこのみそ汁,食べ物,
そうめんのみそ汁,食べ物,
かぼちゃのみそ汁,食べ物,
魚のみそ汁,食べ物,
豚汁,食べ物,
みそ雑煮,食べ物,
豆乳仕立ての味噌汁,食べ物,
牛乳仕立てのみそ汁,食べ物,
赤だし汁,食べ物,
すいとん,食べ物,
粕汁,食べ物,
呉汁,食べ物,
卯の花汁,食べ物,
さつま汁,食べ物,
そばがき汁,食べ物,
ふな汁,食べ物,
肉を主にした味噌汁,食べ物,
磯汁,食べ物,
冷やしみそ汁,食べ物,
とうもろこしのみそ汁,食べ物,
のっぺい汁,食べ物,
白うり汁,食べ物,
そばのすまし汁,食べ物,
豆腐のすまし汁,食べ物,
かきたま汁,食べ物,
きのこのすまし汁,食べ物,
若竹汁,食べ物,
貝の潮汁,食べ物,
魚のすまし汁,食べ物,
吉野鶏のすまし汁,食べ物,
とろろ昆布汁,食べ物,
そば米汁,食べ物,
けんちん汁,食べ物,
すまし雑煮,食べ物,
あん餅雑煮,食べ物,
肝吸い,食べ物,
沢煮椀,食べ物,
薄くず汁,食べ物,
三平汁,食べ物,
あら汁,食べ物,
野菜のすり流し汁,食べ物,
もろこしと豆腐のすり流し汁,食べ物,
すっぽん仕立てのすまし汁,食べ物,
卵雑煮,食べ物,
船場汁,食べ物,
みぞれ汁,食べ物,
醤油味とろろ汁,食べ物,
魚のすり流し汁,食べ物,
コンソメスープ,食べ物,
ポテトポタージュ,食べ物,
コーンポタージュ,食べ物,
かぼちゃポタージュ,食べ物,
グリンピースのポタージュ,食べ物,
チーズ入り卵スープ,食べ物,
チャウダー,食べ物,
カレースープ,食べ物,
わかめスープ,食べ物,
ミネストローネ,食べ物,
オニオンスープ,食べ物,
牛乳スープ,食べ物,
泡立て卵白のスープ,食べ物,
ガスパッチョ,食べ物,
クネルスープ,食べ物,
ビスク,食べ物,
ブイヤベース,食べ物,
ポタージュブルーテスープ,食べ物,
ボルシチ,食べ物,
オニオングラタンスープ,食べ物,
コールドポタージュスープ,食べ物,
とうもろこしのスープ,食べ物,
ピューレクリームスープ,食べ物,
ポタージュピューレスープ,食べ物,
中華風スープ,食べ物,
ワンタンスープ,食べ物,
中華風団子スープ,食べ物,
とうがんの五目スープ,食べ物,
とろみスープ,食べ物,
ふかひれスープ,食べ物,
干し貝柱との炒めスープ,食べ物,
中華風とうもろこしのスープ,食べ物,
中華風牛乳入りスープ,食べ物,
中華風即席スープ,食べ物,
中華風卵スープ,食べ物,
ナイ湯,食べ物,
和菓子 おはぎ,食べ物,
芋もち,食べ物,
くず餅,食べ物,
わらびもち,食べ物,
ごま団子,食べ物,
たい焼き（あん・個）,食べ物,
たい焼き（カスタード・個）,食べ物,
みつ豆,食べ物,
牛乳かん,食べ物,
ぜんざい,食べ物,
大学芋,食べ物,
くず桜,食べ物,
いきなりだんご,食べ物,
かけ餅,食べ物,
磯辺餅,食べ物,
きんとん,食べ物,
茶巾絞り,食べ物,
果汁かん,食べ物,
サイダーかん,食べ物,
抹茶かん,食べ物,
白玉だんごのシロップかけ,食べ物,
椿餅,食べ物,
芋餅（じゃが芋の芋餅）,食べ物,
小倉水玉,食べ物,
豆板,食べ物,
梅花かん,食べ物,
野菜菓かん,食べ物,
里芋のしるこ風,食べ物,
ケーキ・菓子・デザート ショートケーキ,食べ物,
チョコレートケーキ,食べ物,
チーズケーキ,食べ物,
レアチーズケーキ,食べ物,
ミルフィーユ,食べ物,
ティラミス,食べ物,
タルト,食べ物,
ホットアップルパイ,食べ物,
ホットポテトパイ,食べ物,
ロールケ一キ,食べ物,
パウンドケーキ,食べ物,
メレンゲパイ,食べ物,
マーブルケーキ,食べ物,
ベジタブルケーキ,食べ物,
オムレツケーキ（オムレッ ト）,食べ物,
即席チーズケーキ,食べ物,
スイートポテト,食べ物,
クレープ（ジャム）,食べ物,
フリッター（ベーニェ）,食べ物,
揚げパスタ,食べ物,
クレープ（サーモン・ホタテ）,食べ物,
フルーツゼリー,食べ物,
コーヒーゼリー,食べ物,
ムース,食べ物,
プリン,食べ物,
プリンアラモード,食べ物,
カボチャプリン,食べ物,
あんにん豆腐,食べ物,
マンゴプリン,食べ物,
野菜ゼリー,食べ物,
ニ色ゼリー,食べ物,
ブラマンジェ（ゼラチン使用）,食べ物,
カスタードゼリー,食べ物,
ライスプディング（ゼラチン使用）,食べ物,
フルーツババロア,食べ物,
フルーツ寄せババロア,食べ物,
ヨーグルトババロア,食べ物,
ババロア（卵白使用）,食べ物,
寒天のフルーツ寄せ,食べ物,
コーヒーのグラニータ,食べ物,
タピオカココナッツ,食べ物,
ブラマンジェ,食べ物,
パンプディング,食べ物,
野菜入りプディング,食べ物,
クッキー,食べ物,
絞り出しクッキ－,食べ物,
ジャムクッキー,食べ物,
バークッキー,食べ物,
メレンゲ,食べ物,
ビスケット生地のパイ,食べ物,
スティックパイ,食べ物,
トリュフチョコレート,食べ物,
アーモンドのチョコレートかけ,食べ物,
アイスクリームのいちご添え,食べ物,
抹茶金時,食べ物,
アイスクリームパフェ,食べ物,
パフェ,食べ物,
コンポート（シロップ煮）,食べ物,
果物の甘煮,食べ物,
バナナのラム酒煮,食べ物,
果物のワイン煮,食べ物,
粟の渋皮煮,食べ物,
りんごのフランベ,食べ物,
いちごのレモン漬け,食べ物,
いちごの洋酒風味砂糖漬け,食べ物,
フルーツミックス缶詰,食べ物,
フルーツのチョコレートソースかけ,食べ物,
フルーツのヨーグルトかけ,食べ物,
フルーツミックスクリーム,食べ物,
フルーツシャンパン漬け,食べ物,
果物の石衣（砂糖衣かけ）,食べ物,
果物のあめかけ,食べ物,
フルーツのフレッシュチーズかけ,食べ物,
フルーツのグラタン,食べ物,
いちごの生クリームかけ,食べ物,
フルーツポンチ,食べ物,
ウィンナーコーヒー,食べ物,
キャラメルラテ,食べ物,
ミックスジュース,食べ物,
シェイク（バニラ，いちご）,食べ物,
ミルクセーキ,食べ物,
親子丼,食べ物,
卵焼き,食べ物,
唐揚げ,食べ物,
肉じゃが,食べ物,
天ぷら,食べ物,
きんぴら,食べ物,
炊き込みご飯,食べ物,
おでん,食べ物,
すき焼き,食べ物,
煮物,食べ物,
生姜焼き,食べ物,
サバの味噌煮,食べ物,
牛丼,食べ物,
肉豆腐,食べ物,
酢の物,食べ物,
豚汁,食べ物,
竜田揚げ,食べ物,
恵方巻,食べ物,
寿司,食べ物,
味噌汁,食べ物,
うどん,食べ物,
そば,食べ物,
オムライス,食べ物,
エビフライ,食べ物,
ローストビーフ,食べ物,
コールスロー,食べ物,
サラダ,食べ物,
ポテトサラダ,食べ物,
グラタン,食べ物,
コロッケ,食べ物,
ロールキャベツ,食べ物,
ナポリタン,食べ物,
エビピラフ,食べ物,
ハンバーグ,食べ物,
ステーキ,食べ物,
ドライカレー,食べ物,
カニクリームコロッケ,食べ物,
クリームシチュー,食べ物,
コンソメスープ,食べ物,
メンチカツ,食べ物,
ハンバーガー,食べ物,
スモークチキン,食べ物,
フライドチキン,食べ物,
ソーセージ,食べ物,
コーンスープ,食べ物,
エビチリ,食べ物,
酢豚,食べ物,
かに玉,食べ物,
チャーハン,食べ物,
担々麺,食べ物,
バンバンジー,食べ物,
冷やし中華,食べ物,
肉団子,食べ物,
春巻き,食べ物,
卵スープ,食べ物,
麻婆豆腐,食べ物,
回鍋肉,食べ物,
焼きそば,食べ物,
マーボー春雨,食べ物,
八宝菜,食べ物,
ワンタンスープ,食べ物,
シューマイ,食べ物,
餃子,食べ物,
ビーフシチュー,食べ物,
コーンポタージュ,食べ物,
ビーフストロガノフ,食べ物,
ポトフ,食べ物,
カルパッチョ,食べ物,
シーザーサラダ,食べ物,
オニオングラタンスープ,食べ物,
ペペロンチーノ,食べ物,
パスタ,食べ物,
カルボナーラ,食べ物,
ピザ,食べ物,
ミネストローネ,食べ物,
リゾット,食べ物,
スパゲティ,食べ物,
マルゲリータ,食べ物,
パエリア,食べ物,
ガスパチョ,食べ物,
オムレツ,食べ物,
ビビンバ,食べ物,
チゲ鍋,食べ物,
トムヤンクン,食べ物,
参鶏湯,食べ物,
生春巻き,食べ物,
フォー,食べ物,
カレー,食べ物,
チキンカレー,食べ物,
キーマカレー,食べ物,
ナン,食べ物,
ポークカレー,食べ物,
オニオンフライ,食べ物,
杏仁豆腐,食べ物,
マドレーヌ,食べ物,
パンナコッタ,食べ物,
クッキー,食べ物,
チョコ,食べ物,
チョコレート,食べ物,
ティラミス,食べ物,
パフェ,食べ物,
プリン,食べ物,
ロールケーキ,食べ物,
白玉,食べ物,
ぜんざい,食べ物,
アップルパイ,食べ物,
ブラウニー,食べ物,
トリュフ,食べ物,
団子,食べ物,
みたらし団子,食べ物,
わらびもち,食べ物,
チーズケーキ,食べ物,
パウンドケーキ,食べ物,
アイスケーキ,食べ物,
シュークリーム,食べ物,
ショートケーキ,食べ物,
草餅,食べ物,
水まんじゅう,食べ物,
饅頭,食べ物,
カステラ,食べ物,
豚の角煮,食べ物,
ぶり大根,食べ物,
タンドリーチキン,食べ物,
ポテトフライ,食べ物,
ローストチキン,食べ物,
照り焼きチキン,食べ物,
鍋,食べ物,
カキフライ,食べ物,
ラーメン,食べ物,
とんかつ,食べ物,
お好み焼き,食べ物,
アボカド,食べ物,
パンケーキ,食べ物,
ホットケーキ,食べ物,
フレンチトースト,食べ物,
タルト,食べ物,
タコライス,食べ物,
ヨーグルト,食べ物,
ドリア,食べ物,
タコ焼き,食べ物,
タピオカ,食べ物,
ラザニア,食べ物,
焼肉,食べ物,
目玉焼き,食べ物,
アイスクリーム,食べ物,
果物,食べ物,
かつ丼,食べ物,
うな重,食べ物,
カレーパン,食べ物,
茶碗蒸し,食べ物,
カツサンド,食べ物,
もつ鍋,食べ物,
キムチ鍋,食べ物,
つけめん,食べ物,
焼き鳥,食べ物,
天丼,食べ物,
しゃぶしゃぶ,食べ物,
ハヤシライス,食べ物,
おにぎり,食べ物,
サンドイッチ,食べ物,
クロワッサン,食べ物,
